City ID,City,Country,Lat,Lng,Temperature,Humidity,Clouds,Wind Speed
6165406,Thompson,CA,55.7435,-97.8558,23.16,93,90,4.61
4030556,Rikitea,PF,-23.1203,-134.9692,72.95,74,99,11.5
5882953,Aklavik,CA,68.2191,-135.0107,17.6,93,90,12.66
6201424,Mataura,NZ,-46.1927,168.8643,46.96,100,100,1.21
1507390,Dikson,RU,73.5069,80.5464,-2.76,91,99,9.84
2022572,Khatanga,RU,71.9667,102.5,-13.58,89,75,5.73
4020109,Atuona,PF,-9.8,-139.0333,78.57,63,20,14.25
3440777,Rocha,UY,-34.4833,-54.3333,73.99,47,0,17.34
286245,Sur,OM,22.5667,59.5289,76.68,48,4,3.65
2121385,Severo-Kuril'sk,RU,50.6789,156.125,38.59,76,74,18.21
1529484,Kumul,CN,42.8,93.45,29.71,47,0,2.71
935215,Saint-Philippe,RE,-21.3585,55.7679,74.79,82,85,11.36
1528998,Yumen,CN,40.2833,97.2,28.87,41,57,17.31
3418910,Upernavik,GL,72.7868,-56.1549,5.47,93,99,5.95
2094342,Kavieng,PG,-2.5744,150.7967,81.18,74,81,11.05
2122389,Ossora,RU,59.2353,163.0719,35.01,98,100,4.18
2155415,New Norfolk,AU,-42.7826,147.0587,41.27,76,52,1.01
5880054,Barrow,US,71.2906,-156.7887,15.82,73,90,12.66
2163355,Hobart,AU,-42.8794,147.3294,41.77,87,29,1.01
1250161,Batticaloa,LK,7.7102,81.6924,81.01,77,89,4.61
4033543,Teahupoo,PF,-17.8333,-149.2667,75.16,66,93,12.55
5720495,Coos Bay,US,43.3665,-124.2179,60.3,100,1,10.36
3833367,Ushuaia,AR,-54.8,-68.3,60.46,31,20,9.22
4032243,Vaini,TO,-21.2,-175.2,75.36,88,40,6.91
5153924,Findlay,US,41.0442,-83.6499,41.72,65,90,24.16
5122534,Jamestown,US,42.097,-79.2353,34.02,91,90,8.99
3423146,Ilulissat,GL,69.2167,-51.1,-0.38,50,20,2.3
3369157,Cape Town,ZA,-33.9258,18.4232,65.05,69,0,1.99
5044290,Saint Anthony,US,45.0205,-93.218,32.88,70,90,1.99
4845585,Westport,US,41.1415,-73.3579,60.71,67,1,1.99
1282256,Hithadhoo,MV,-0.6,73.0833,82.35,76,73,13.06
128477,Kashan,IR,33.9831,51.4364,55.15,52,0,3.65
962367,Richards Bay,ZA,-28.783,32.0377,70.34,83,90,3.02
5546220,Saint George,US,37.1041,-113.5841,61.56,40,1,1.99
3985710,Cabo San Lucas,MX,22.8909,-109.9124,84.47,60,1,1.01
778707,Mehamn,NO,71.0357,27.8492,32.49,75,99,21.3
5282297,Bethel,US,41.3712,-73.414,59.34,64,20,3.0
3416888,Grindavik,IS,63.8424,-22.4338,48.67,93,90,37.98
3372964,Lagoa,PT,39.05,-27.9833,62.51,74,100,16.04
5367788,Lompoc,US,34.6391,-120.4579,78.1,35,1,5.75
1015776,Bredasdorp,ZA,-34.5322,20.0403,61.29,78,61,9.24
3471451,Arraial do Cabo,BR,-22.9661,-42.0278,71.46,56,75,12.66
2208248,Kaitangata,NZ,-46.2817,169.8464,48.67,96,100,4.38
339219,Dessie,ET,11.1333,39.6333,56.01,63,86,2.24
2476396,Timizart,DZ,36.8,4.2667,56.05,84,30,5.73
2206939,Bluff,NZ,-46.6,168.3333,48.76,91,100,10.92
1640902,Kawalu,ID,-7.3817,108.2082,72.64,98,100,2.19
5712169,Baker City,US,44.7749,-117.8344,50.67,90,72,3.04
5866583,Saint Paul Harbor,US,57.79,-152.4072,20.71,68,20,5.75
4031742,Egvekinot,RU,66.3167,-179.1667,1.76,93,85,3.56
5924351,Clyde River,CA,70.4692,-68.5914,-5.57,77,20,13.8
6255012,Flinders,AU,-34.5833,150.8552,55.35,69,82,3.0
3433715,Goya,AR,-29.14,-59.2626,98.83,25,0,10.63
1013076,Colesberg,ZA,-30.72,25.0972,73.63,25,66,16.4
2071860,Esperance,AU,-33.8667,121.9,44.44,76,7,9.62
2075265,Busselton,AU,-33.65,115.3333,53.04,70,1,17.29
6355222,Yulara,AU,-25.2406,130.9889,55.24,62,0,6.91
2445553,Dogondoutchi,NE,13.6393,4.0287,90.25,16,43,3.71
3831208,Qaanaaq,GL,77.484,-69.3632,-8.93,56,0,8.16
3372707,Ribeira Grande,PT,38.5167,-28.7,63.0,72,75,10.36
5972291,Havre-St-Pierre,CA,50.2334,-63.5986,38.17,100,90,4.61
3366880,Hermanus,ZA,-34.4187,19.2345,61.81,82,41,6.62
3395497,Maracaçumé,BR,-2.0428,-45.9592,87.12,60,71,6.35
2212775,Sabha,LY,27.0377,14.4283,76.6,22,100,10.47
3874787,Punta Arenas,CL,-53.15,-70.9167,60.91,33,75,23.02
6111862,Port Hardy,CA,50.6996,-127.4199,42.98,100,90,2.3
1142263,Farah,AF,32.5,62.5,52.86,14,45,1.74
1811720,Enshi,CN,30.3,109.4833,46.47,81,77,0.51
4726521,San Patricio,US,28.017,-97.5169,70.21,24,0,9.95
5012639,Troy,US,42.6056,-83.1499,40.68,80,90,7.0
1272473,Nandi,IN,13.3855,77.6984,69.4,95,98,3.24
5848280,Kapaa,US,22.0752,-159.319,72.48,77,75,5.75
6185377,Yellowknife,CA,62.456,-114.3525,29.01,100,90,3.44
778829,Lyngseidet,NO,69.5763,20.2189,34.47,91,97,8.46
964432,Port Alfred,ZA,-33.5906,26.891,64.85,85,75,14.61
4031574,Provideniya,RU,64.3833,-173.3,23.63,99,98,3.49
3139597,Sistranda,NO,63.7256,8.834,33.76,65,61,15.19
3038350,Aix-les-Bains,FR,45.6834,5.9224,46.58,89,87,2.3
2180815,Tuatapere,NZ,-46.1333,167.6833,47.23,97,100,1.52
964420,Port Elizabeth,ZA,-33.918,25.5701,64.69,77,20,21.85
5383465,Pittsburg,US,38.028,-121.8847,63.9,54,24,4.34
2513324,Navalmoral de la Mata,ES,39.8916,-5.5406,55.96,63,10,2.64
3427833,Tandil,AR,-37.3217,-59.1332,79.3,41,100,5.99
5587698,Caldwell,US,43.6629,-116.6874,52.23,92,1,3.44
3652764,Puerto Ayora,EC,-0.7393,-90.3518,76.96,74,73,11.27
2126123,Chokurdakh,RU,70.6333,147.9167,-1.8,88,100,9.66
2112802,Hasaki,JP,35.7333,140.8333,45.0,52,98,13.38
5011428,Sturgis,US,41.7992,-85.4192,37.8,53,90,13.8
3421719,Narsaq,GL,60.9167,-46.05,21.42,75,0,1.63
3466704,Castro,BR,-24.7911,-50.0119,71.58,46,1,6.22
5563839,Fortuna,US,40.5982,-124.1573,63.0,73,1,4.0
5106841,Albany,US,42.6001,-73.9662,48.27,89,87,6.85
4255151,Bud,US,39.447,-86.1758,36.64,75,98,13.76
4565090,Guánica,PR,17.9716,-66.908,85.87,70,13,11.99
135298,Esfarāyen,IR,37.0765,57.5101,35.26,75,52,3.31
5855927,Hilo,US,19.7297,-155.09,74.01,77,90,3.44
6170031,Tuktoyaktuk,CA,69.4541,-133.0374,19.4,86,90,12.66
2092164,Lorengau,PG,-2.0226,147.2712,80.69,81,63,5.19
3640226,Guanare,VE,9.0418,-69.7421,91.42,49,96,6.91
933995,Souillac,MU,-20.5167,57.5167,77.38,83,75,12.66
3984997,San Quintín,MX,30.4833,-115.95,78.01,28,56,3.8
2122104,Petropavlovsk-Kamchatskiy,RU,53.0452,158.6483,32.59,100,75,4.47
103630,Najrān,SA,17.4924,44.1277,61.45,21,0,2.8
1006984,East London,ZA,-33.0153,27.9116,67.14,68,0,11.5
1847947,Shingū,JP,33.7333,135.9833,52.84,74,98,5.46
1214488,Meulaboh,ID,4.1363,96.1285,76.95,87,100,3.18
5919850,Chapais,CA,49.7834,-74.8492,37.18,94,100,9.69
157429,Kilindoni,TZ,-7.9139,39.6668,81.1,73,94,12.55
2122605,Okhotsk,RU,59.3833,143.3,31.51,98,100,5.79
5969025,Haines Junction,CA,60.7522,-137.5108,28.35,69,69,5.75
3430863,Mar del Plata,AR,-38.0023,-57.5575,62.87,83,0,37.0
3430443,Necochea,AR,-38.5473,-58.7368,75.85,38,100,19.77
4036284,Alofi,NU,-19.0595,-169.9187,76.89,88,40,3.44
6014443,Lac du Bonnet,CA,50.2536,-96.0612,27.59,81,100,6.73
1529569,Changji,CN,44.0167,87.3167,29.19,69,33,2.24
471308,Voyvozh,RU,62.892,54.9635,17.85,89,100,8.88
1651531,Ambon City,ID,-3.6954,128.1814,81.88,76,98,3.98
4033356,Tiarei,PF,-17.5333,-149.3333,80.62,65,53,13.44
1735106,George Town,MY,5.4112,100.3354,76.93,93,40,3.44
108410,Riyadh,SA,24.6877,46.7219,69.94,40,19,10.13
609906,Fort-Shevchenko,KZ,44.5086,50.263,47.35,69,85,19.08
3424607,Tasiilaq,GL,65.6145,-37.6368,32.16,84,100,16.91
2450173,Taoudenni,ML,22.6783,-3.9836,80.8,14,23,3.76
2136150,Luganville,VU,-15.5333,167.1667,79.36,85,20,6.11
3356832,Henties Bay,NA,-22.116,14.2845,57.85,86,11,4.97
688723,Vyshhorod,UA,50.5848,30.4898,35.64,74,29,7.56
231696,Kayunga,UG,0.7025,32.8886,69.12,72,95,1.07
6324729,Halifax,CA,44.6453,-63.5724,58.03,96,100,2.3
642455,Pedersore,FI,63.65,22.6833,32.25,88,100,5.91
1707108,Latung,PH,5.5,120.8833,83.01,74,100,8.19
244878,Biltine,TD,14.5333,20.9167,86.41,16,1,8.99
3663516,Mâncio Lima,BR,-7.6142,-72.8958,89.67,66,75,9.22
1630639,Pringsewu,ID,-5.3582,104.9744,74.17,91,93,3.06
2063042,Port Hedland,AU,-20.3167,118.5667,66.25,68,4,6.91
2654970,Brae,GB,60.3964,-1.353,49.91,93,93,13.47
1496503,Noyabrsk,RU,63.1994,75.4507,5.94,98,81,9.42
6089245,Norman Wells,CA,65.282,-126.8329,12.24,79,75,10.36
3106492,Valls,ES,41.2861,1.2499,58.3,63,0,4.61
3028580,Carmaux,FR,44.051,2.158,51.42,91,100,2.93
935616,Le Port,RE,-20.9373,55.2919,76.96,78,96,6.24
2189343,Kaeo,NZ,-35.1,173.7833,69.33,97,100,11.97
650769,Kristinestad,FI,62.2743,21.376,34.83,83,81,2.55
81604,Qaryat Sulūq,LY,31.6682,20.2521,69.21,51,100,4.92
2119932,Vanino,RU,49.0869,140.2543,29.44,63,33,3.51
2643044,Margate,GB,51.3813,1.3862,51.87,82,99,5.99
1649150,Bengkulu,ID,-3.8004,102.2655,76.03,90,100,4.94
4034496,Fare,PF,-16.7,-151.0167,78.58,68,86,13.22
1490256,Talnakh,RU,69.4865,88.3972,10.51,90,100,15.86
2171722,Charters Towers,AU,-20.1,146.2667,65.97,34,35,8.52
2507480,Algiers,DZ,36.7525,3.042,58.82,88,40,11.5
2278158,Buchanan,LR,5.8808,-10.0467,80.56,78,97,5.77
2172880,Byron Bay,AU,-28.65,153.6167,50.95,59,0,8.59
4031637,Lavrentiya,RU,65.5833,-171.0,13.44,97,85,4.45
3386213,Touros,BR,-5.1989,-35.4608,86.9,66,17,16.31
607610,Zhangaözen,KZ,43.3,52.8,41.5,91,11,11.39
2176639,Batemans Bay,AU,-35.7167,150.1833,51.71,88,99,5.23
3380290,Sinnamary,GF,5.3833,-52.95,83.39,69,39,8.88
2165478,Gladstone,AU,-23.85,151.25,62.53,63,0,4.61
3412093,Vestmannaeyjar,IS,63.4427,-20.2734,49.19,93,40,40.29
2068110,Kununurra,AU,-15.7667,128.7333,80.58,41,75,4.61
686090,Asău,RO,46.4333,26.4,41.18,82,85,2.19
2445704,Diffa,NE,13.3154,12.6113,86.2,14,51,9.55
3489657,Lucea,JM,18.451,-78.1736,85.86,70,62,10.58
908718,Maamba,ZM,-17.3667,27.15,80.42,37,10,2.57
3372760,Praia da Vitória,PT,38.7333,-27.0667,59.25,100,75,14.94
2136825,Isangel,VU,-19.55,169.2667,75.31,83,9,5.75
2027042,Batagay-Alyta,RU,67.8006,130.4114,-14.62,97,100,3.27
2542997,Marrakesh,MA,31.6315,-8.0083,69.87,37,40,4.61
2618795,Klaksvík,FO,62.2266,-6.589,47.32,92,100,20.18
2025256,Chumikan,RU,54.7183,135.315,23.36,78,100,18.28
2520726,Buñol,ES,39.4167,-0.7833,57.07,65,64,2.89
1855540,Naze,JP,28.3667,129.4833,58.68,85,99,12.55
5557293,Sitka,US,57.0531,-135.33,37.29,87,75,8.05
2110227,Butaritari,KI,3.0707,172.7902,81.9,74,97,15.3
2285449,Lakota,CI,5.8528,-5.6883,74.19,95,97,3.15
2409914,Bonthe,SL,7.5264,-12.505,81.37,79,90,6.35
3385899,Tutóia,BR,-2.7619,-42.2744,87.78,65,58,11.3
4021858,Guerrero Negro,MX,27.9769,-114.0611,80.49,26,54,1.81
1260141,Pathalgaon,IN,22.5667,83.4667,68.97,91,84,3.31
3531368,Celestún,MX,20.8667,-90.4,81.41,61,18,15.21
2017155,Saskylakh,RU,71.9167,114.0833,-17.59,83,26,7.02
5742974,North Bend,US,43.4065,-124.2243,60.19,100,1,10.36
6316343,Alta Floresta,BR,-9.8756,-56.0861,84.02,74,75,2.3
1244926,Hambantota,LK,6.1241,81.1185,79.14,89,0,5.75
2155562,Nelson Bay,AU,-32.7167,152.15,55.63,66,36,1.01
1714733,Dingle,PH,10.9995,122.6711,76.91,91,100,6.53
5746545,Portland,US,45.5234,-122.6762,50.31,95,90,1.01
660561,Porvoo,FI,60.3923,25.6651,34.84,96,100,1.92
1855342,Nishihara,JP,26.1842,127.7558,67.3,83,75,13.8
3115824,Muros,ES,42.7762,-9.0603,56.7,84,17,5.64
376332,Doka,SD,13.5167,35.7667,81.32,18,1,8.66
3401845,Conceição do Araguaia,BR,-8.2578,-49.2647,89.62,59,63,2.1
2128147,Furano,JP,43.2818,142.4743,32.97,94,37,3.11
4035715,Avarua,CK,-21.2078,-159.775,69.85,100,75,5.75
3557758,Guane,CU,22.2025,-84.0875,84.04,61,62,0.98
5364271,Laguna,US,38.421,-121.4238,57.22,100,90,5.75
1623197,Tual,ID,-5.6667,132.75,83.88,73,96,7.54
2293260,Agnibilékrou,CI,7.1344,-3.2047,75.7,85,60,2.35
3445026,Vila Velha,BR,-20.3297,-40.2925,65.95,92,90,1.99
2122090,Pevek,RU,69.7008,170.3133,4.28,95,96,2.93
2022773,Khandyga,RU,62.6667,135.6,3.13,97,99,4.54
4791259,Virginia Beach,US,36.8529,-75.978,68.54,42,7,8.99
456827,Pāvilosta,LV,56.8879,21.1859,40.91,79,100,11.81
3452331,Presidente Epitácio,BR,-21.7633,-52.1156,88.0,32,31,7.96
87205,Darnah,LY,32.767,22.6367,67.73,65,55,9.08
3394023,Natal,BR,-5.795,-35.2094,86.22,66,75,18.41
2019323,Nerchinskiy Zavod,RU,51.3088,119.61,15.03,92,22,3.13
3628489,San Carlos del Zulia,VE,9.0,-71.9135,90.48,50,40,3.51
2173911,Broken Hill,AU,-31.95,141.4333,53.31,71,40,9.22
2028164,Deputatsky,RU,69.3,139.9,-8.73,100,100,1.99
3372472,Vila Franca do Campo,PT,37.7167,-25.4333,70.2,85,93,20.38
2132606,Samarai,PG,-10.6167,150.6667,81.45,82,99,5.32
2449893,Tessalit,ML,20.1986,1.0114,77.79,12,100,9.35
1519691,Sarkand,KZ,45.41,79.9186,38.34,59,85,5.14
3533462,Acapulco de Juárez,MX,16.8634,-99.8901,83.46,58,0,3.65
546105,Nikolskoye,RU,59.7035,30.7861,36.46,96,85,3.06
6173220,Valleyview,CA,55.0667,-117.2859,41.04,52,32,19.57
2630299,Hofn,IS,64.2539,-15.2082,46.22,96,100,22.5
2303611,Esim,GH,4.8699,-2.2405,79.68,82,40,6.44
3932145,Pisco,PE,-13.7,-76.2167,68.05,73,0,12.66
556268,Ostrovnoy,RU,68.0531,39.5131,21.65,82,100,20.94
380348,Abū Zabad,SD,12.35,29.25,83.43,17,2,9.04
986717,Kruisfontein,ZA,-34.0033,24.7314,63.88,86,100,15.57
3467609,Cananéia,BR,-25.0147,-47.9267,70.05,60,40,8.77
2027296,Aykhal,RU,66.0,111.5,-16.15,100,20,5.39
1819729,Hong Kong,HK,22.2855,114.1577,68.94,55,6,1.01
688689,Vysokopillya,UA,47.4919,33.5306,37.78,69,78,7.54
3355672,Lüderitz,NA,-26.6481,15.1594,71.73,53,41,13.91
1106677,Bambous Virieux,MU,-20.3428,57.7575,77.25,83,75,12.66
3361934,Saldanha,ZA,-33.0117,17.9442,63.73,86,83,15.41
1863997,Fukuechō,JP,32.6881,128.8419,61.41,60,100,13.49
1056899,Sambava,MG,-14.2667,50.1667,76.15,83,14,3.69
3043233,Vajszló,HU,45.8596,17.9841,43.5,81,97,6.73
347634,Ţahţā,EG,26.7693,31.5021,74.41,36,0,4.5
777019,Vardø,NO,70.3705,31.1107,31.33,92,80,13.69
1634614,Nabire,ID,-3.3667,135.4833,76.53,93,100,3.96
2038665,Alihe,CN,50.5667,123.7167,22.89,68,39,3.04
2139521,Noumea,NC,-22.2763,166.4572,80.01,99,12,3.0
1685422,Sulangan,PH,11.1373,123.7228,82.29,80,99,7.96
3361142,Springbok,ZA,-29.6643,17.8865,74.82,30,12,10.69
139817,Bushehr,IR,28.9684,50.8385,73.49,56,0,16.11
2065594,Mount Isa,AU,-20.7333,139.5,53.37,82,5,4.61
525365,Mordovo,RU,52.0834,40.77,39.16,77,100,8.72
2637762,Skegness,GB,53.1436,0.3363,51.6,88,100,17.13
3460530,Ituberá,BR,-13.7322,-39.1492,75.24,94,80,8.9
474470,Verkhnyaya Toyma,RU,62.2349,44.9985,25.41,89,96,2.19
2521804,Altea,ES,38.5989,-0.0514,59.77,79,34,3.0
1626703,Soe,ID,-9.8607,124.284,68.58,93,100,1.74
2399697,Libreville,GA,0.3925,9.4537,82.42,83,40,12.66
2015306,Tiksi,RU,71.6872,128.8694,0.25,98,100,5.7
2270385,Camacha,PT,33.0833,-16.3333,65.62,68,20,10.36
1651591,Amahai,ID,-3.3333,128.9167,79.43,84,95,2.89
3460548,Itiúba,BR,-10.6917,-39.8536,86.95,43,54,7.9
585187,Sabirabad,AZ,40.0095,48.4752,41.99,60,5,4.79
2738381,Lata,PT,40.1629,-8.3327,58.33,65,63,3.11
1513491,Yangi Marg`ilon,UZ,40.4272,71.7189,38.12,70,100,4.61
3663693,Jutaí,BR,-5.1833,-68.9,89.15,53,89,1.95
793790,Raška,RS,43.2872,20.6153,36.91,72,81,2.21
5973108,Hearst,CA,49.6835,-83.6665,30.45,88,100,11.92
299900,Talas,TR,38.6908,35.5538,34.47,75,83,4.61
584717,Xaçmaz,AZ,41.4635,48.806,46.54,62,25,2.66
3694112,Paita,PE,-5.0892,-81.1144,75.76,67,17,14.79
6167817,Torbay,CA,47.6666,-52.7314,41.49,84,90,18.41
2520645,Cabra,ES,37.4725,-4.4421,59.54,62,6,1.01
5134295,Rome,US,43.2128,-75.4557,42.78,91,90,9.22
6150293,Smoky Lake,CA,54.1169,-112.4686,39.49,70,99,10.36
4499379,Wilmington,US,34.2257,-77.9447,71.65,42,1,12.66
2013279,Vostok,RU,46.4856,135.8833,25.66,96,98,3.44
6113406,Prince Rupert,CA,54.3161,-130.3201,43.57,79,40,8.05
562580,Foki,RU,56.693,54.3499,29.57,95,99,8.81
5554428,Ketchikan,US,55.3422,-131.6461,39.67,93,90,8.05
3144987,Beisfjord,NO,68.3751,17.5988,38.12,96,99,4.92
3448903,São João da Barra,BR,-21.6403,-41.0511,73.49,68,100,13.6
1268008,Kanniyākumāri,IN,8.0833,77.5667,80.15,83,100,15.05
6078372,Moose Factory,CA,51.2585,-80.6094,33.78,93,90,9.22
4339348,Ruston,US,32.5232,-92.6379,53.46,37,1,3.44
1090415,Chirongui,YT,-12.9319,45.1483,80.53,71,11,11.18
1277525,Balrāmpur,IN,27.4333,82.1833,66.42,72,0,3.96
1267390,Kavaratti,IN,10.5669,72.642,81.97,75,98,7.74
5850554,Makakilo City,US,21.3469,-158.0858,73.27,75,1,4.61
1835848,Seoul,KR,37.5683,126.9778,45.88,76,0,3.44
3899695,Ancud,CL,-41.8697,-73.8203,56.73,66,83,12.95
4362001,Mayo,US,38.8876,-76.5119,49.66,75,90,14.0
2757220,Den Helder,NL,52.9599,4.7593,52.03,94,90,5.01
1855476,Nichinan,JP,31.6,131.3667,56.71,77,99,4.21
1633419,Padang,ID,-0.9492,100.3543,77.05,84,99,3.02
3393536,Olinda,BR,-8.0089,-34.8553,83.93,65,40,11.5
2126710,Beringovskiy,RU,63.05,179.3167,23.34,89,100,4.72
4470244,Havelock,US,34.8791,-76.9013,69.8,50,20,8.99
4202810,Jesup,US,31.6074,-81.8854,71.2,46,1,0.0
4034551,Faanui,PF,-16.4833,-151.75,79.11,72,100,14.14
3405215,Bonfim,BR,3.0833,-59.95,93.04,41,49,2.33
1163054,Turbat,PK,26.0023,63.044,75.15,15,0,2.71
3140301,Sandnessjøen,NO,66.0217,12.6316,33.91,93,75,2.3
564579,Dubovyy Umët,RU,52.9763,50.2857,31.89,84,99,11.88
1633034,Palu,ID,-0.8917,119.8707,75.67,97,100,1.23
2120400,Tungor,RU,53.3808,142.9564,26.62,79,95,11.65
5962442,Goderich,CA,43.7501,-81.7165,43.11,70,100,21.85
2521570,Arrecife,ES,28.963,-13.5477,69.78,60,20,12.66
6453316,Tromsø,NO,69.6496,18.957,34.47,87,75,1.01
3372988,Horta,PT,38.5333,-28.6333,62.24,72,75,10.36
1716397,Cuyo,PH,10.8525,121.0086,83.25,79,78,7.38
2013465,Verkhoyansk,RU,67.5447,133.385,-8.61,100,99,1.39
1651810,Airai,TL,-8.9266,125.4092,62.17,94,100,0.43
3893726,Constitución,CL,-35.3333,-72.4167,60.21,61,2,17.85
2610343,Vestmanna,FO,62.1564,-7.1664,45.52,100,90,17.27
3512067,Baní,DO,18.2833,-70.3333,87.48,59,8,9.86
550949,Kesova Gora,RU,57.5836,37.2922,31.17,95,92,7.07
1489822,Tegul'det,RU,57.3064,88.1667,25.61,90,100,9.15
3946985,Ayaviri,PE,-14.8864,-70.5889,60.35,36,82,4.72
934322,Mahébourg,MU,-20.4081,57.7,77.29,83,75,12.66
2381972,Adrar,MR,20.5022,-10.0711,83.41,28,54,5.91
2120591,Tilichiki,RU,60.4667,166.1,31.39,99,100,6.78
1059051,Miandrivazo,MG,-19.5167,45.4667,80.06,66,91,6.38
1651461,Amuntai,ID,-2.4177,115.2494,73.56,99,100,1.41
2557055,Asilah,MA,35.465,-6.0348,66.16,68,0,20.15
3353540,Rehoboth,NA,-23.3167,17.0833,83.28,16,40,14.58
1489656,Teya,RU,60.3778,92.6267,18.37,93,95,6.87
5859699,College,US,64.8569,-147.8028,-4.67,80,40,3.44
3628473,San Cristobal,VE,7.7669,-72.225,78.98,40,99,5.01
3421765,Nanortalik,GL,60.1432,-45.2371,22.12,66,0,19.91
8079926,Labuhan,ID,-6.8844,112.2051,79.7,84,100,2.77
3466165,Cidreira,BR,-30.1811,-50.2056,70.05,63,7,21.99
2191562,Dunedin,NZ,-45.8742,170.5036,54.81,66,100,3.0
934479,Grand Gaube,MU,-20.0064,57.6608,77.38,75,12,5.01
3664980,Boa Vista,BR,2.8197,-60.6733,89.58,51,75,12.66
3167314,Santhià,IT,45.3663,8.1726,54.43,85,86,3.38
3441890,Departamento de Maldonado,UY,-34.6667,-54.9167,76.39,42,1,17.38
2136697,Lakatoro,VU,-16.0999,167.4164,79.84,83,8,8.25
3931137,Putina,PE,-15.4667,-69.4333,53.89,53,37,7.7
2264557,Ponta do Sol,PT,32.6667,-17.1,69.85,70,36,2.75
610091,Chingirlau,KZ,51.095,54.0814,29.32,88,87,17.6
1268095,Kangayam,IN,11.0,77.5667,76.32,82,100,13.4
3386177,Trairi,BR,-3.2778,-39.2689,86.27,63,46,12.62
2156643,Mount Gambier,AU,-37.8333,140.7667,44.51,100,90,12.66
2142316,Yeppoon,AU,-23.1333,150.7333,62.38,54,0,5.75
655808,Joensuu,FI,62.6012,29.7632,34.27,93,90,3.44
1906689,Amnat Charoen,TH,15.9167,104.75,67.73,76,93,15.77
3492908,Santo Domingo,DO,18.5001,-69.9886,88.75,63,40,3.0
3946962,Ayna,PE,-12.65,-73.9167,82.9,64,95,5.26
2016307,Solnechnyy,RU,50.7214,136.6319,15.57,89,22,2.75
1279945,Jiuquan,CN,39.7432,98.5174,32.83,30,88,5.06
4944903,Nantucket,US,41.2835,-70.0995,57.88,60,1,13.8
3373652,Oistins,BB,13.0667,-59.5333,87.89,66,40,19.57
5227567,Elk Point,US,42.6833,-96.6836,33.73,59,95,12.57
4799622,Bluefield,US,37.2698,-81.2223,36.86,66,90,4.0
1791464,Wenling,CN,28.3669,121.36,52.92,81,55,3.62
365763,Tonj,SS,7.2737,28.6822,79.74,60,11,4.52
3832899,Viedma,AR,-40.8135,-62.9967,60.35,89,100,13.04
143083,Ardabil,IR,38.2498,48.2933,43.56,57,0,5.82
2395127,Bétérou,BJ,9.1992,2.2586,85.71,43,7,3.58
3443061,Chui,UY,-33.6971,-53.4616,70.81,54,8,17.83
2108502,Honiara,SB,-9.4333,159.95,77.7,88,19,3.87
2246901,Oussouye,SN,12.485,-16.5469,86.09,57,98,2.66
2012728,Zakamensk,RU,50.3741,103.2863,23.97,67,8,0.45
3466980,Caravelas,BR,-17.7125,-39.2481,70.63,81,100,12.35
1721577,Cabiraoan,PH,18.3238,122.086,76.26,91,46,3.58
487928,Novikovo,RU,51.1537,37.8879,35.01,86,16,4.85
2015179,Tommot,RU,58.9564,126.2925,4.93,92,99,6.24
1800163,Nanchang,CN,28.6833,115.8833,56.59,49,80,1.9
2126199,Cherskiy,RU,68.75,161.3,13.33,92,100,5.5
1626932,Singaraja,ID,-8.112,115.0882,77.97,85,100,2.53
2074865,Carnarvon,AU,-24.8667,113.6333,68.07,83,0,12.66
314967,Fethiye,TR,36.6217,29.1164,55.27,68,65,2.48
6162949,Terrace,CA,54.5163,-128.6035,40.91,93,75,6.91
2123814,Leningradskiy,RU,69.3833,178.4167,9.23,96,98,5.5
3374210,São Filipe,CV,14.8961,-24.4956,74.86,75,50,8.3
1021086,Barberton,ZA,-25.7884,31.0532,60.85,92,32,2.33
5038045,Monticello,US,45.3055,-93.7941,32.27,78,90,8.05
3421193,Paamiut,GL,61.994,-49.6678,11.57,71,0,13.2
3449701,Santo André,BR,-23.6639,-46.5383,64.51,62,40,16.11
1624041,Ternate,ID,0.8,127.4,81.03,80,74,4.74
3893629,Coquimbo,CL,-29.9533,-71.3436,67.73,52,0,17.27
3374333,Praia,CV,14.9215,-23.5087,79.34,61,20,14.97
5666648,Missoula,US,47.0166,-113.8009,40.3,60,95,10.54
3662574,Rio Branco,BR,-9.9747,-67.81,86.61,70,75,11.5
3708989,Guabito,PA,9.5,-82.6167,85.89,61,51,6.82
2122262,Palana,RU,59.1167,159.9667,30.78,84,100,4.43
715867,Sárospatak,HU,48.3167,21.5833,37.22,55,81,1.83
358620,Safaga,EG,26.7292,33.9365,73.71,73,83,9.51
2137773,Vao,NC,-22.6667,167.4833,75.99,83,29,10.45
481548,Troitsko-Pechorsk,RU,62.7084,56.1964,20.08,90,97,9.44
5421250,Englewood,US,39.6478,-104.9878,63.9,24,75,5.01
462050,Zubova Polyana,RU,54.0771,42.8372,35.47,89,100,8.25
3459352,Ladário,BR,-19.0047,-57.6017,95.29,46,75,8.05
485660,Tsimmerbude,RU,54.675,20.1347,41.05,84,100,10.11
1082243,Ambilobe,MG,-13.2,49.05,78.04,71,79,6.4
1488903,Turukhansk,RU,65.8167,87.9833,10.92,94,100,12.62
2181997,Takaka,NZ,-40.85,172.8,59.56,87,25,5.19
1852357,Shimoda,JP,34.6667,138.95,52.11,65,100,7.96
710473,Chyhyryn,UA,49.0838,32.6555,41.04,76,15,5.46
535839,Leshukonskoye,RU,64.8989,45.7622,18.46,95,14,3.62
2179825,Waitati,NZ,-45.75,170.5667,54.81,66,100,3.33
3461871,Guararema,BR,-23.415,-46.035,71.33,61,17,11.3
3449124,São Francisco de Assis,BR,-29.5503,-55.1311,90.54,33,1,1.03
1337605,Mahibadhoo,MV,3.7833,72.9667,82.45,78,12,20.87
1785036,Zhangye,CN,38.9342,100.4517,29.12,41,30,1.21
3461425,Ilhabela,BR,-23.7781,-45.3581,69.89,70,40,8.19
212730,Kisangani,CD,0.5167,25.2,71.96,92,73,1.43
1259385,Port Blair,IN,11.6667,92.75,79.5,80,100,4.79
2161658,Kempsey,AU,-31.0833,152.8333,54.95,66,0,1.99
2194098,Ahipara,NZ,-35.1667,173.1667,66.74,99,100,14.47
5102796,Point Pleasant,US,40.0832,-74.0682,62.53,78,20,3.0
359792,Aswān,EG,24.0934,32.907,77.2,52,7,9.24
3467263,Capinópolis,BR,-18.6819,-49.5697,81.63,57,100,5.17
550234,Khislavichi,RU,54.1871,32.1582,33.73,85,87,3.02
217562,Butembo,CD,0.15,29.2833,59.56,97,98,3.36
6096551,Pangnirtung,CA,66.1451,-65.7125,6.8,85,75,3.44
2171099,Codrington,AU,-38.2667,141.9667,41.94,97,74,13.33
130245,Javānrūd,IR,34.7961,46.5172,47.91,57,0,2.39
300617,Sivas Province,TR,39.7916,37.0019,39.83,56,0,8.05
3883457,Lebu,CL,-37.6167,-73.65,55.94,63,31,10.56
7521944,Sangre Grande,TT,10.5835,-61.1177,84.96,75,93,8.81
489135,Staraya Mayna,RU,54.6,48.95,33.91,83,100,12.75
6162654,Témiscaming,CA,46.7212,-79.0971,40.39,87,100,5.75
2381334,Atar,MR,20.5169,-13.0499,91.45,17,3,11.5
1024312,Mocuba,MZ,-16.8392,36.9856,74.32,91,83,4.45
1252783,Yārāda,IN,17.65,83.2667,77.32,100,75,2.3
3671437,Caucayá,CO,-0.1934,-74.7819,84.65,69,82,3.09
3092472,Malbork,PL,54.0359,19.0266,44.1,74,100,7.83
2441447,Maïné Soroa,NE,13.2114,12.0241,88.27,14,63,10.67
3424901,Aasiaat,GL,68.7098,-52.8699,-4.11,93,88,5.19
602150,Umeå,SE,63.8284,20.2597,24.73,93,0,2.3
1497337,Kayerkan,RU,69.3497,87.7602,9.48,82,100,11.32
3414079,Olafsvik,IS,64.8945,-23.7142,46.71,91,100,32.23
3664659,Carauari,BR,-4.8828,-66.8958,86.22,61,100,1.05
782393,Maliq,AL,40.7058,20.6997,35.44,66,93,2.93
1067565,Beloha,MG,-25.1667,45.05,72.77,95,30,3.91
2128975,Nemuro,JP,43.3236,145.575,45.12,72,0,8.19
6050066,La Ronge,CA,55.1001,-105.2842,23.25,86,90,5.75
2088122,Port Moresby,PG,-9.4431,147.1797,76.42,94,40,4.61
1057095,Sakaraha,MG,-22.9,44.5333,72.93,56,80,5.66
1788852,Xining,CN,36.6167,101.7667,27.77,62,12,2.35
5847411,Kahului,US,20.8947,-156.47,74.48,74,40,0.0
3839307,Rawson,AR,-43.3002,-65.1023,65.5,69,100,11.59
2039557,Khasan,RU,42.4308,130.6434,41.49,56,40,5.79
1733782,Labuan,MY,5.2767,115.2417,77.36,94,20,0.0
3571913,Marsh Harbour,BS,26.5412,-77.0636,80.22,66,19,10.74
3899539,Antofagasta,CL,-23.65,-70.4,65.48,71,77,12.24
485215,Synya,RU,65.3718,58.0387,5.14,97,70,2.39
3529654,Dzilam González,MX,21.2833,-88.9333,79.92,72,7,9.51
2806342,Wolmirstedt,DE,52.25,11.6333,46.98,87,100,2.51
2057087,Kupang,ID,-10.1667,123.5833,79.84,83,100,3.09
189280,Lodwar,KE,3.1191,35.5973,88.43,38,85,19.04
5983720,Iqaluit,CA,63.7506,-68.5145,-2.31,77,20,21.0
2661228,Cham,CH,47.1821,8.4636,44.92,94,75,0.0
2641434,Northam,GB,51.0333,-4.2167,53.2,83,28,5.73
2137748,Voh,NC,-20.9667,164.7,74.16,87,10,3.06
1524889,Chardara,KZ,41.2547,67.9692,47.41,54,87,4.25
187725,Maralal,KE,1.0968,36.698,66.06,61,99,13.15
3860443,Comodoro Rivadavia,AR,-45.8667,-67.5,62.46,67,75,5.75
2826099,Straubing,DE,48.8833,12.5667,39.54,72,100,3.22
5789856,Cheney,US,47.4874,-117.5758,40.42,95,90,5.75
2447513,Arlit,NE,18.7369,7.3853,87.66,12,100,6.38
3516171,Barra de Tecoanapa,MX,16.5167,-98.75,83.59,62,0,5.53
2297810,Mumford,GH,5.2618,-0.759,79.88,82,9,8.61
1528121,Karakol,KG,42.4907,78.3936,30.72,55,74,5.57
3870243,Taltal,CL,-25.4,-70.4833,66.02,68,23,7.7
699963,Nyzhnya Duvanka,UA,49.5846,38.1743,37.02,78,25,5.17
1785566,Yingchuan,CN,34.1628,113.4639,50.27,42,0,6.38
4297983,Lexington,US,37.9887,-84.4777,39.2,60,90,1.01
3983805,Santa Rosalía,MX,27.3167,-112.2833,80.42,26,29,5.46
4271086,Emporia,US,38.4039,-96.1817,48.4,43,1,10.36
2172710,Caloundra,AU,-26.8,153.1333,55.24,89,0,6.29
5690532,Minot,US,48.2325,-101.2963,35.58,81,90,25.32
2108857,Gizo Government Station,SB,-8.103,156.8419,82.2,74,57,4.65
5294810,Flagstaff,US,35.1981,-111.6513,60.39,29,1,5.01
4231997,Avera,US,33.194,-82.5271,65.43,38,0,12.35
778362,Øksfjord,NO,70.2396,22.3479,29.35,93,99,7.27
2165087,Gold Coast,AU,-28.0,153.4333,55.31,70,0,6.91
432455,Kirundo Province,BI,-2.5833,30.1667,72.37,67,94,2.64
1644605,Galesong,ID,-5.3166,119.3661,75.22,81,100,8.21
780687,Berlevåg,NO,70.8578,29.0864,33.66,82,99,25.37
5983607,Inuvik,CA,68.3499,-133.7218,16.61,86,90,6.91
4218882,Rincon,US,32.296,-81.2354,70.95,43,20,10.36
1696188,Palauig,PH,15.435,119.9045,80.11,79,44,4.72
4003938,Jiménez,MX,28.3333,-105.4,74.14,26,0,5.91
1510377,Belyy Yar,RU,53.6039,91.3903,32.86,75,0,8.95
4493316,Statesville,US,35.7826,-80.8873,58.86,38,1,8.05
1047660,Cuamba,MZ,-14.8031,36.5372,74.17,76,63,2.98
2429296,Laï,TD,9.3952,16.2989,84.63,23,3,2.35
121380,Pārsābād,IR,39.6482,47.9174,41.32,87,0,2.3
3348313,Huambo,AO,-12.7761,15.7392,61.41,93,84,5.23
701104,Milove,UA,49.3787,40.1302,35.58,77,9,6.46
4033557,Tautira,PF,-17.7333,-149.15,80.62,64,69,12.28
286621,Salalah,OM,17.0151,54.0924,78.89,57,0,3.44
5864145,Homer,US,59.6425,-151.5483,16.2,84,1,4.61
3526756,Isla Mujeres,MX,21.2311,-86.731,77.16,80,18,12.3
3931470,Puerto Maldonado,PE,-12.6,-69.1833,91.8,52,20,8.05
5463237,Corrales,US,35.2378,-106.6067,62.1,30,1,5.99
2037494,Erdaojiang,CN,41.7764,126.0319,31.48,94,71,1.88
3526538,Jesús Carranza,MX,17.4333,-95.0333,71.73,89,68,8.79
964712,Plettenberg Bay,ZA,-34.0527,23.3716,63.28,83,78,8.5
1263255,Mayāng Imphāl,IN,24.6167,93.8833,61.02,96,87,2.01
2281120,Tabou,CI,4.423,-7.3528,79.21,83,46,5.57
3041732,Mariehamn,AX,60.0973,19.9348,33.66,100,0,2.3
2187365,Mapua,NZ,-41.25,173.1,62.26,90,55,2.06
897456,Sinazongwe,ZM,-17.2614,27.4618,84.24,44,13,4.7
1637001,Biak,ID,-0.9131,122.8766,77.0,85,100,4.74
5288636,Casa Grande,US,32.8795,-111.7573,76.19,19,1,1.99
610864,Khani,GE,41.9563,42.9566,31.57,68,0,3.49
1150965,Ranong,TH,9.9658,98.6348,74.79,92,100,1.59
1491230,Sovetskiy,RU,61.3614,63.5842,21.6,95,100,8.28
1486321,Yar-Sale,RU,66.8333,70.8333,4.21,80,2,10.65
1861280,Itoman,JP,26.1247,127.6694,68.02,83,75,13.8
4429295,Hattiesburg,US,31.3271,-89.2903,54.12,46,1,10.36
488618,Starosubkhangulovo,RU,53.1031,57.4423,25.25,95,97,6.33
1499042,Melioratorov,RU,57.2107,65.6077,26.98,100,75,0.0
3451138,Rio Grande,BR,-32.035,-52.0986,77.11,61,44,18.52
3695844,Lagunas,PE,-5.2269,-75.6753,91.76,46,97,4.74
2021041,Kyra,RU,49.5776,111.9753,22.6,89,81,3.87
6137462,Saint-Augustin,CA,51.226,-58.6502,33.76,98,100,14.36
3407407,Aquiraz,BR,-3.9014,-38.3911,89.17,59,55,14.32
2295672,Saltpond,GH,5.2091,-1.0606,80.04,81,12,8.52
2439155,Tanout,NE,14.9709,8.8879,87.37,10,99,7.94
57000,Hobyo,SO,5.3505,48.5268,80.92,69,73,13.78
540761,Kropotkin,RU,45.4375,40.5756,43.79,78,4,6.17
5072006,Lincoln,US,40.8,-96.667,39.29,52,20,4.0
2026160,Borogontsy,RU,62.6683,131.1683,-15.38,99,84,4.47
1734199,Tawao,MY,4.2498,117.8871,73.53,86,100,3.67
1792592,Tongren,CN,27.7172,109.1853,51.69,77,90,1.3
2182010,Tairua,NZ,-37.0167,175.85,67.08,98,100,10.45
6145890,Shelburne,CA,44.0787,-80.2041,38.07,80,83,17.16
3599575,Barillas,GT,15.8036,-91.3158,73.74,83,83,3.8
4671141,Aransas Pass,US,27.9095,-97.15,69.85,37,1,5.99
2167426,Emerald,AU,-23.5333,148.1667,60.94,72,0,5.75
2629833,Husavik,IS,66.0449,-17.3389,46.31,90,100,32.3
1629380,Ruteng,ID,-8.6136,120.4721,64.54,95,100,1.97
2026023,Bukachacha,RU,52.9833,116.9167,17.96,82,9,2.89
3391889,Pitimbu,BR,-7.4706,-34.8086,86.59,65,66,12.37
1636308,Manokwari,ID,-0.8667,134.0833,78.48,79,88,2.82
3421982,Maniitsoq,GL,65.4167,-52.9,14.74,55,0,6.98
4157657,Gulf Gate Estates,US,27.2517,-82.5147,78.91,64,75,7.0
1150921,Ron Phibun,TH,8.1791,99.8542,73.87,95,100,3.11
2651753,Cullen,GB,57.6904,-2.8182,47.73,92,65,8.01
3517970,Pochutla,MX,15.7432,-96.4661,88.21,42,0,6.38
2309528,Luba,GQ,3.4568,8.5547,80.74,84,36,6.82
5392593,San Ramon,US,37.7799,-121.978,62.87,75,1,1.01
1529660,Aksu,CN,41.1231,80.2644,34.43,40,4,0.38
293842,Kiryat Gat,IL,31.61,34.7642,76.1,24,98,11.16
6111696,Port-Cartier,CA,50.0334,-66.8654,37.74,90,100,1.48
2396518,Port-Gentil,GA,-0.7193,8.7815,80.56,83,75,13.8
2522437,Adeje,ES,28.1227,-16.726,66.94,66,75,1.01
6620339,Karratha,AU,-20.7377,116.8463,75.0,40,5,8.9
5116642,Erie,US,42.7667,-78.6664,35.96,90,100,8.01
924206,Phalombe,MW,-15.8064,35.6507,72.07,74,88,2.33
1736302,Jitra,MY,6.2681,100.4217,75.09,100,20,3.44
685628,Băleşti,RO,45.0167,23.2167,44.85,56,93,2.42
6176928,Watrous,CA,51.6668,-105.4679,17.38,86,100,6.91
5127305,Monroe,US,43.1501,-77.6831,38.95,85,90,14.97
2264923,Peniche,PT,39.3558,-9.3811,57.85,80,88,9.19
1272140,Dwārka,IN,22.2394,68.9678,80.22,46,82,7.63
933726,Hukuntsi,BW,-24.0,21.75,85.05,22,100,19.6
3689325,Bahía Solano,CO,6.2262,-77.4044,81.23,80,54,7.74
5110365,Broome,US,42.2506,-75.833,40.06,77,90,1.99
1510689,Baykit,RU,61.67,96.37,7.18,98,100,1.74
1253405,Varanasi,IN,25.3333,83.0,66.29,82,1,0.0
4513583,Hamilton,US,39.1834,-84.5333,40.46,72,90,3.0
534206,Lopatino,RU,52.6195,45.8118,33.33,77,100,11.86
2173125,Burnie,AU,-41.0667,145.9167,44.29,89,52,6.15
213940,Kasongo,CD,-4.45,26.6667,70.52,95,100,1.14
2729907,Longyearbyen,SJ,78.2186,15.6401,10.24,61,20,12.66
1140025,Herat Province,AF,34.5,62.0,45.25,70,100,7.02
110690,Faya,SA,18.3851,42.4509,57.72,34,3,1.74
140918,Behshahr,IR,36.6923,53.5526,46.35,73,0,4.05
1516589,Zhezkazgan,KZ,47.8043,67.7144,29.88,50,100,15.52
1789065,Ankang,CN,32.68,109.0172,46.2,67,0,0.94
102527,Sakakah,SA,29.9697,40.2064,69.37,21,100,15.28
64814,Bandarbeyla,SO,9.4942,50.8122,79.02,71,25,16.67
1166652,Saddiqabad,PK,28.3062,70.1307,71.56,16,0,5.95
2109528,Buala,SB,-8.145,159.5921,79.88,81,19,5.23
